transaction_id,merchant_name,category,amount,currency,transaction_date,status,customer_id,payment_method,merchant_city
TXN100001,FuelPlus,fuel,1260.29,USD,2026-04-07,completed,C1028,card,Bengaluru
TXN100002,TravelEasy,travel,4356.07,INR,2026-04-26,completed,C1003,UPI,Mumbai
TXN100003,ByteStore,tech,1336.53,INR,2026-03-28,completed,C1083,wallet,Mumbai
TXN100004,MediPharm,pharmacy,40473.43,INR,2026-03-03,completed,C1020,wallet,Chennai
TXN100005,TechZone,electronics,47861.08,INR,2026-04-15,completed,C1011,wallet,Bengaluru
TXN100006,GroceryHub,grocery,-30190.26,INR,2026-03-08,completed,C1058,UPI,Delhi
TXN100007,MediPharm,pharmacy,,INR,2026-05-21,completed,C1046,card,Bengaluru
TXN100008,TechZone,electronics,38655.69,INR,2026-03-13,completed,C1029,UPI,Delhi
TXN100009,GroceryHub,grocery,8141.08,INR,2026-04-17,completed,C1085,netbanking,Bengaluru
TXN100010,CafeBlend,food,26711.65,EUR,2026-04-03,completed,C1059,wallet,Chennai
TXN100011,TravelEasy,travel,10988.56,INR,2026-04-13,completed,C1098,UPI,Mumbai
TXN100012,GroceryHub,grocery,20064.23,INR,2026-03-11,completed,C1072,netbanking,Mumbai
TXN100013,PetCorner,pet,44235.31,INR,2026-05-24,pending,C1018,netbanking,Mumbai
TXN100014,TravelEasy,travel,26953.47,INR,2026-05-16,pending,C1074,wallet,Chennai
TXN100015,CafeBlend,food,25481.22,EUR,2026-03-14,completed,C1006,UPI,Mumbai
TXN100016,PetCorner,pet,29824.49,INR,2026-04-21,pending,C1076,wallet,Hyderabad
TXN100017,TravelEasy,travel,43040.38,INR,2026-03-04,completed,C1092,UPI,Hyderabad
TXN100018,GroceryHub,grocery,5586.49,INR,2026-04-27,completed,C1058,UPI,Chennai
TXN100019,CafeBlend,food,25389.01,EUR,2026-03-16,completed,C1080,netbanking,Hyderabad
TXN100020,CafeBlend,food,18701.95,EUR,2026-03-23,failed,C1099,UPI,Hyderabad
TXN100021,QuickMart,retail,5602.27,INR,2026-04-18,completed,C1039,card,Bengaluru
TXN100022,ByteStore,tech,47348.0,INR,2026-03-13,completed,C1062,UPI,Hyderabad
TXN100023,CafeBlend,food,32990.94,EUR,2026-05-12,completed,C1033,wallet,Mumbai
TXN100024,TechZone,electronics,35650.32,INR,2026-04-23,completed,C1083,netbanking,Delhi
TXN100025,AutoFix,automotive,6059.0,INR,2026-03-31,completed,C1043,UPI,Hyderabad
TXN100026,ByteStore,tech,,INR,2026-03-12,completed,C1080,UPI,Mumbai
TXN100027,QuickMart,retail,42983.17,INR,2026-03-12,failed,C1030,netbanking,Delhi
TXN100028,CafeBlend,food,36170.39,EUR,2026-05-15,failed,C1060,card,Delhi
TXN100029,TechZone,electronics,4725.35,INR,2026-05-26,pending,C1045,wallet,Delhi
TXN100030,QuickMart,retail,33671.49,INR,2026-05-24,completed,C1007,wallet,Chennai
TXN100031,FuelPlus,fuel,12440.33,USD,2026-03-27,failed,C1057,card,Delhi
TXN100032,AutoFix,automotive,12497.82,INR,2026-03-12,pending,C1070,UPI,Bengaluru
TXN100033,TravelEasy,travel,41803.02,INR,2026-03-14,completed,C1030,card,Delhi
TXN100034,TechZone,electronics,43233.87,INR,2026-03-10,completed,C1048,UPI,Delhi
TXN100035,AutoFix,automotive,14269.61,INR,2026-05-31,completed,C1071,wallet,Mumbai
TXN100036,TechZone,electronics,,INR,2026-05-16,completed,C1069,UPI,Chennai
TXN100037,ByteStore,tech,,INR,2026-05-09,completed,C1007,UPI,Mumbai
TXN100038,FuelPlus,fuel,33763.88,USD,2026-04-02,pending,C1015,card,Hyderabad
TXN100039,ByteStore,tech,4108.35,INR,2026-05-26,failed,C1072,netbanking,Chennai
TXN100040,GroceryHub,grocery,11941.91,INR,2026-04-22,completed,C1085,netbanking,Delhi
TXN100041,FuelPlus,fuel,475.68,USD,2026-05-21,failed,C1012,UPI,Hyderabad
TXN100042,MediPharm,pharmacy,6631.5,INR,2026-04-16,completed,C1031,netbanking,Chennai
TXN100043,TravelEasy,travel,35179.96,INR,2026-05-20,completed,C1083,UPI,Hyderabad
TXN100044,FuelPlus,fuel,46947.11,USD,2026-03-20,completed,C1014,UPI,Hyderabad
TXN100045,MediPharm,pharmacy,30245.44,INR,2026-04-15,completed,C1087,netbanking,Hyderabad
TXN100046,QuickMart,retail,4624.0,INR,2026-04-26,completed,C1035,UPI,Bengaluru
TXN100047,CafeBlend,food,31859.3,EUR,2026-04-05,completed,C1094,wallet,Hyderabad
TXN100048,TravelEasy,travel,493.39,INR,2026-03-12,completed,C1019,UPI,Chennai
TXN100049,CafeBlend,food,21495.04,EUR,2026-03-08,completed,C1046,UPI,Chennai
TXN100050,TechZone,electronics,33350.0,INR,2026-04-17,completed,C1071,wallet,Hyderabad
TXN100051,TechZone,electronics,43231.64,INR,2026-03-25,pending,C1003,card,Chennai
TXN100052,PetCorner,pet,40113.73,INR,2026-04-03,completed,C1020,UPI,Delhi
,AutoFix,automotive,11129.46,INR,2026-04-30,completed,C1039,card,Mumbai
TXN100054,TechZone,electronics,19929.31,INR,2026-04-07,completed,C1008,netbanking,Chennai
TXN100055,PetCorner,pet,33979.11,INR,2026-05-10,completed,C1003,UPI,Chennai
TXN100056,MediPharm,pharmacy,1922.48,INR,2026-05-18,pending,C1044,netbanking,Delhi
,TravelEasy,travel,5791.13,INR,2026-05-15,completed,C1032,UPI,Delhi
TXN100058,TravelEasy,travel,34345.99,INR,2026-05-27,completed,C1046,wallet,Bengaluru
TXN100059,GroceryHub,grocery,31161.54,INR,2026-05-26,completed,C1015,netbanking,Hyderabad
TXN100060,PetCorner,pet,16315.88,INR,2026-05-31,completed,C1070,card,Mumbai
TXN100061,PetCorner,pet,33869.12,INR,2026-03-25,failed,C1072,netbanking,Delhi
TXN100062,QuickMart,retail,15200.71,INR,2026-03-29,pending,C1074,netbanking,Delhi
TXN100063,TechZone,electronics,25563.59,INR,2026-03-24,completed,C1010,netbanking,Hyderabad
TXN100064,,tech,16766.06,INR,2026-04-02,completed,C1039,card,Mumbai
TXN100065,QuickMart,retail,12249.68,INR,2026-05-02,failed,C1098,UPI,Delhi
TXN100066,,tech,9729.82,INR,2026-05-31,pending,C1063,wallet,Mumbai
TXN100067,QuickMart,retail,44634.06,INR,2026-03-16,completed,C1054,card,Mumbai
TXN100068,TravelEasy,travel,23232.85,INR,2026-05-13,completed,C1015,wallet,Mumbai
TXN100069,TravelEasy,travel,49394.74,INR,2026-05-18,completed,C1096,wallet,Hyderabad
TXN100070,TravelEasy,travel,21342.77,INR,2026-05-12,pending,C1020,wallet,Delhi
TXN100071,TechZone,electronics,41994.75,INR,2026-04-07,completed,C1099,wallet,Mumbai
TXN100072,FuelPlus,fuel,-35680.11,USD,2026-04-02,completed,C1042,netbanking,Hyderabad
TXN100073,CafeBlend,food,11570.76,EUR,2026-05-30,completed,C1090,card,Bengaluru
TXN100074,GroceryHub,grocery,27135.13,INR,2026-04-25,completed,C1026,wallet,Delhi
,ByteStore,tech,47303.64,INR,2026-03-05,completed,C1097,wallet,Delhi
TXN100076,GroceryHub,grocery,14937.65,INR,2026-04-21,completed,C1053,card,Delhi
TXN100077,PetCorner,pet,24287.24,INR,2026-04-21,completed,C1085,wallet,Mumbai
TXN100078,CafeBlend,food,49036.29,EUR,2026-05-10,completed,C1050,UPI,Bengaluru
TXN100079,CafeBlend,food,43343.9,EUR,2026-03-26,completed,C1033,wallet,Chennai
TXN100080,GroceryHub,grocery,16881.65,INR,2026-04-20,completed,C1096,wallet,Chennai
TXN100081,AutoFix,automotive,978.97,INR,2026-05-11,completed,C1044,card,Bengaluru
TXN100082,QuickMart,retail,37714.12,XYZ,2026-04-03,completed,C1002,card,Mumbai
TXN100083,FuelPlus,fuel,28202.84,USD,2026-03-30,pending,C1089,netbanking,Chennai
TXN100084,ByteStore,tech,48187.1,INR,2026-03-17,completed,C1020,netbanking,Bengaluru
TXN100085,MediPharm,pharmacy,28794.08,INR,2026-04-20,pending,C1091,card,Bengaluru
TXN100086,TechZone,electronics,5104.05,INR,2026-04-10,completed,C1087,UPI,Hyderabad
TXN100087,GroceryHub,grocery,26641.93,INR,2026-05-26,completed,C1008,netbanking,Bengaluru
TXN100088,AutoFix,automotive,5285.89,INR,2026-04-18,completed,C1058,card,Delhi
TXN100089,TravelEasy,travel,48274.03,INR,2026-04-06,failed,C1068,wallet,Delhi
TXN100090,ByteStore,tech,13427.09,INR,2026-04-03,completed,C1011,netbanking,Delhi
TXN100091,AutoFix,automotive,28496.78,INR,2026-05-27,pending,C1043,UPI,Delhi
TXN100092,CafeBlend,food,24382.62,EUR,2026-04-17,completed,C1033,netbanking,Chennai
TXN100093,MediPharm,pharmacy,27793.99,INR,2026-05-08,completed,C1010,card,Delhi
TXN100094,TechZone,electronics,34533.56,INR,99-99-9999,completed,C1062,wallet,Bengaluru
TXN100095,TechZone,electronics,20226.01,INR,2026-04-03,completed,C1084,netbanking,Delhi
TXN100096,GroceryHub,grocery,21280.94,INR,2026-05-12,completed,C1045,wallet,Chennai
TXN100097,TechZone,electronics,6041.59,INR,2026-03-27,completed,C1015,card,Mumbai
TXN100098,AutoFix,automotive,13832.22,INR,2026-05-17,completed,C1067,netbanking,Bengaluru
TXN100099,MediPharm,pharmacy,,INR,2026-03-25,completed,C1001,card,Chennai
TXN100100,QuickMart,retail,27672.41,INR,2026-05-31,completed,C1081,wallet,Bengaluru
TXN100101,ByteStore,tech,14224.12,INR,2026-05-03,pending,C1043,card,Bengaluru
TXN100102,AutoFix,automotive,5713.22,INR,2026-03-11,pending,C1062,UPI,Hyderabad
TXN100103,QuickMart,retail,7594.83,INR,2026-05-14,completed,C1010,card,Bengaluru
TXN100104,PetCorner,pet,30319.82,INR,2026-05-21,completed,C1099,wallet,Delhi
TXN100105,MediPharm,pharmacy,43009.73,INR,2026-04-26,completed,C1072,UPI,Hyderabad
TXN100106,FuelPlus,fuel,47380.03,USD,2026-03-29,completed,C1027,netbanking,Bengaluru
TXN100107,CafeBlend,food,27604.09,EUR,2026-03-23,completed,C1052,wallet,Hyderabad
TXN100108,QuickMart,retail,11581.5,INR,2026-06-01,completed,C1089,wallet,Bengaluru
TXN100109,MediPharm,pharmacy,39393.52,XYZ,2026-05-22,failed,C1084,card,Delhi
TXN100110,TechZone,electronics,32385.26,INR,2026-04-06,completed,C1018,UPI,Bengaluru
TXN100111,MediPharm,pharmacy,29756.25,INR,2026-05-14,completed,C1056,UPI,Delhi
TXN100112,PetCorner,pet,47134.39,INR,2026-05-06,failed,C1063,wallet,Bengaluru
TXN100113,PetCorner,pet,36729.35,INR,2026-05-19,completed,C1003,UPI,Mumbai
TXN100114,ByteStore,tech,,INR,2026-03-05,completed,C1086,netbanking,Hyderabad
TXN100115,CafeBlend,food,23530.34,EUR,2026-05-25,pending,C1035,card,Hyderabad
TXN100116,AutoFix,automotive,48453.07,INR,2026-05-02,completed,C1052,netbanking,Chennai
,CafeBlend,food,16496.89,EUR,2026-05-30,pending,C1036,wallet,Hyderabad
TXN100118,FuelPlus,fuel,15732.71,USD,2026-04-13,completed,C1098,wallet,Hyderabad
TXN100119,QuickMart,retail,32886.44,INR,2026-05-11,pending,C1052,UPI,Mumbai
TXN100120,ByteStore,tech,37824.59,INR,2026-05-22,pending,C1097,UPI,Mumbai
TXN100121,CafeBlend,food,46384.36,EUR,2026-04-28,completed,C1062,UPI,Bengaluru
TXN100122,ByteStore,tech,39967.69,INR,2026-06-01,completed,C1039,UPI,Hyderabad
TXN100123,TechZone,electronics,49612.93,INR,2026-03-17,pending,C1015,card,Delhi
TXN100124,MediPharm,pharmacy,25448.51,INR,2026-04-06,pending,C1061,wallet,Mumbai
TXN100125,CafeBlend,food,19185.46,EUR,2026-05-18,failed,C1095,card,Bengaluru
TXN100126,PetCorner,pet,17000.36,INR,2026-05-06,completed,C1000,netbanking,Chennai
TXN100127,ByteStore,tech,49945.13,INR,2026-05-04,completed,C1019,wallet,Hyderabad
TXN100128,GroceryHub,grocery,27600.35,INR,2026-05-11,pending,C1058,netbanking,Mumbai
TXN100129,TechZone,electronics,28594.16,INR,2026-04-01,completed,C1099,wallet,Bengaluru
TXN100130,AutoFix,automotive,35264.34,INR,2026-04-20,pending,C1084,card,Delhi
TXN100131,CafeBlend,food,25119.53,EUR,2026-05-17,completed,C1012,wallet,Bengaluru
TXN100132,AutoFix,automotive,777.23,INR,2026-03-21,pending,C1083,card,Bengaluru
TXN100133,MediPharm,pharmacy,16934.68,INR,2026-05-30,pending,C1083,UPI,Chennai
,TravelEasy,travel,19006.67,INR,2026-04-12,completed,C1091,wallet,Hyderabad
TXN100135,FuelPlus,fuel,11746.16,USD,2026-05-29,completed,C1029,UPI,Delhi
TXN100136,FuelPlus,fuel,22189.49,USD,2026-05-30,completed,C1003,UPI,Chennai
TXN100137,MediPharm,pharmacy,17929.58,INR,2026-04-27,completed,C1031,wallet,Hyderabad
TXN100138,CafeBlend,food,8507.48,EUR,2026-03-13,failed,C1048,card,Delhi
TXN100139,CafeBlend,food,11617.1,EUR,2026-05-23,completed,C1058,netbanking,Bengaluru
TXN100140,AutoFix,automotive,45061.46,INR,2026-05-28,failed,C1020,UPI,Delhi
TXN100141,ByteStore,tech,14964.72,INR,2026-04-26,completed,C1032,wallet,Chennai
TXN100142,PetCorner,pet,42668.24,INR,2026-03-16,completed,C1048,netbanking,Hyderabad
TXN100143,MediPharm,pharmacy,1106.76,INR,2026-05-26,pending,C1035,UPI,Hyderabad
TXN100144,QuickMart,retail,45531.74,INR,2026-05-05,completed,C1036,card,Hyderabad
TXN100145,TechZone,electronics,31834.53,INR,2026-05-21,completed,C1086,card,Bengaluru
TXN100146,QuickMart,retail,15453.55,INR,99-99-9999,completed,C1074,netbanking,Mumbai
TXN100147,MediPharm,pharmacy,16342.69,INR,2026-04-25,completed,C1025,card,Hyderabad
TXN100148,GroceryHub,grocery,26547.31,INR,2026-04-06,completed,C1021,netbanking,Delhi
TXN100149,,pharmacy,37330.5,INR,2026-04-15,completed,C1014,wallet,Bengaluru
TXN100150,TechZone,electronics,43008.43,INR,2026-05-28,pending,C1071,netbanking,Bengaluru
TXN100151,QuickMart,retail,13230.28,INR,2026-03-18,pending,C1047,netbanking,Hyderabad
TXN100152,GroceryHub,grocery,5426.22,INR,2026-04-01,pending,C1003,netbanking,Hyderabad
TXN100153,FuelPlus,fuel,9999999,USD,2026-05-01,completed,C1038,wallet,Bengaluru
TXN100154,QuickMart,retail,9999999,INR,2026-05-05,completed,C1012,card,Hyderabad
TXN100155,AutoFix,automotive,18556.87,INR,2026-05-31,failed,C1053,card,Delhi
TXN100156,AutoFix,automotive,30786.45,INR,2026-04-07,completed,C1088,netbanking,Mumbai
TXN100157,TechZone,electronics,42773.96,INR,2026-03-15,completed,C1047,netbanking,Bengaluru
TXN100158,TechZone,electronics,48410.66,INR,2026-04-30,completed,C1084,card,Hyderabad
TXN100159,QuickMart,retail,39341.86,INR,2026-04-03,completed,C1072,card,Bengaluru
TXN100160,TravelEasy,travel,10365.8,INR,2026-03-30,completed,C1029,netbanking,Mumbai
TXN100161,ByteStore,tech,151.75,INR,99-99-9999,completed,C1069,netbanking,Mumbai
TXN100162,QuickMart,retail,6598.84,INR,2026-04-17,completed,C1030,netbanking,Bengaluru
TXN100163,QuickMart,retail,6346.66,INR,2026-04-25,failed,C1014,UPI,Delhi
TXN100164,GroceryHub,grocery,,INR,2026-03-16,pending,C1064,card,Hyderabad
TXN100165,TravelEasy,travel,15088.5,INR,2026-05-24,completed,C1007,wallet,Delhi
TXN100166,,fuel,24518.54,USD,2026-04-28,completed,C1010,netbanking,Hyderabad
TXN100167,CafeBlend,food,13758.05,EUR,2026-05-23,failed,C1070,netbanking,Delhi
TXN100168,TravelEasy,travel,14751.94,INR,2026-05-06,failed,C1055,UPI,Bengaluru
TXN100169,TravelEasy,travel,36044.79,INR,2026-03-30,pending,C1057,card,Delhi
TXN100170,AutoFix,automotive,19942.52,INR,2026-03-15,completed,C1054,netbanking,Chennai
TXN100171,CafeBlend,food,34344.18,EUR,2026-05-02,completed,C1011,UPI,Bengaluru
TXN100172,GroceryHub,grocery,40590.35,INR,2026-05-13,completed,C1075,netbanking,Bengaluru
TXN100173,PetCorner,pet,43405.93,INR,99-99-9999,completed,C1076,netbanking,Chennai
TXN100174,TravelEasy,travel,10644.81,INR,2026-05-26,pending,C1028,UPI,Chennai
TXN100175,GroceryHub,grocery,5753.12,INR,2026-04-07,failed,C1028,wallet,Hyderabad
TXN100176,ByteStore,tech,30682.53,INR,2026-05-24,failed,C1003,netbanking,Bengaluru
TXN100177,MediPharm,pharmacy,46077.66,INR,2026-04-16,completed,C1023,card,Hyderabad
TXN100178,FuelPlus,fuel,7102.31,USD,2026-05-23,completed,C1011,card,Delhi
TXN100179,GroceryHub,grocery,7878.89,INR,2026-04-11,completed,C1041,UPI,Bengaluru
TXN100180,ByteStore,tech,2497.63,INR,2026-03-13,completed,C1056,wallet,Delhi
TXN100181,PetCorner,pet,13665.61,INR,2026-05-07,completed,C1044,wallet,Bengaluru
TXN100182,ByteStore,tech,24336.77,INR,2026-05-27,completed,C1005,card,Delhi
TXN100183,QuickMart,retail,394.28,INR,2026-04-10,completed,C1098,card,Chennai
TXN100184,FuelPlus,fuel,396.42,USD,2026-04-27,completed,C1016,wallet,Hyderabad
TXN100185,TravelEasy,travel,27940.59,INR,2026-05-27,completed,C1045,UPI,Delhi
TXN100186,QuickMart,retail,21816.62,INR,2026-04-30,completed,C1040,wallet,Hyderabad
TXN100187,PetCorner,pet,14482.87,INR,2026-04-23,completed,C1041,card,Hyderabad
TXN100188,GroceryHub,grocery,-4415.61,INR,2026-03-16,completed,C1055,wallet,Hyderabad
TXN100189,MediPharm,pharmacy,37292.78,INR,2026-03-31,completed,C1099,card,Bengaluru
TXN100190,FuelPlus,fuel,26534.93,USD,2026-03-27,completed,C1044,netbanking,Mumbai
TXN100191,CafeBlend,food,12805.85,EUR,2026-03-25,failed,C1019,UPI,Mumbai
TXN100192,AutoFix,automotive,23203.01,INR,2026-05-14,completed,C1074,wallet,Hyderabad
TXN100193,ByteStore,tech,16167.18,INR,2026-05-22,completed,C1019,wallet,Bengaluru
TXN100194,MediPharm,pharmacy,39818.52,INR,2026-05-17,completed,C1045,UPI,Chennai
TXN100195,QuickMart,retail,2853.93,INR,2026-04-08,completed,C1082,UPI,Hyderabad
TXN100196,PetCorner,pet,23140.96,INR,2026-05-12,completed,C1094,UPI,Delhi
TXN100197,ByteStore,tech,32595.35,INR,2026-04-13,failed,C1060,card,Bengaluru
TXN100198,GroceryHub,grocery,49119.46,INR,2026-03-13,failed,C1082,card,Bengaluru
TXN100199,AutoFix,automotive,49549.39,INR,2026-05-09,failed,C1078,card,Chennai
TXN100200,MediPharm,pharmacy,,INR,2026-04-15,completed,C1076,UPI,Chennai
TXN100201,FuelPlus,fuel,-27902.58,USD,2026-04-21,completed,C1032,card,Chennai
TXN100202,CafeBlend,food,45838.16,EUR,2026-04-11,completed,C1089,wallet,Mumbai
TXN100203,FuelPlus,fuel,15486.0,USD,99-99-9999,completed,C1042,card,Hyderabad
TXN100204,PetCorner,pet,25429.34,INR,2026-03-05,completed,C1039,card,Mumbai
TXN100205,AutoFix,automotive,9608.34,INR,2026-03-20,completed,C1009,netbanking,Bengaluru
TXN100206,TravelEasy,travel,9999999,INR,2026-05-09,completed,C1084,netbanking,Hyderabad
TXN100207,PetCorner,pet,,INR,2026-03-26,completed,C1088,card,Delhi
TXN100208,GroceryHub,grocery,33821.38,INR,2026-04-02,pending,C1078,netbanking,Delhi
TXN100209,TechZone,electronics,15480.3,INR,2026-05-02,completed,C1024,netbanking,Hyderabad
TXN100210,AutoFix,automotive,38474.23,INR,2026-04-20,failed,C1067,wallet,Mumbai
TXN100211,ByteStore,tech,6928.54,INR,2026-04-04,completed,C1082,wallet,Chennai
TXN100212,FuelPlus,fuel,35572.93,USD,2026-05-08,completed,C1015,netbanking,Bengaluru
TXN100213,MediPharm,pharmacy,22471.47,INR,2026-05-07,completed,C1055,UPI,Mumbai
TXN100214,GroceryHub,grocery,46524.29,INR,2026-04-25,completed,C1050,netbanking,Mumbai
TXN100215,FuelPlus,fuel,9999999,USD,2026-03-06,completed,C1012,netbanking,Mumbai
TXN100216,MediPharm,pharmacy,45870.63,INR,2026-05-02,completed,C1017,wallet,Delhi
TXN100217,FuelPlus,fuel,960.0,USD,2026-03-30,completed,C1019,wallet,Bengaluru
TXN100218,TechZone,electronics,15064.55,XYZ,2026-03-09,completed,C1053,wallet,Bengaluru
TXN100219,AutoFix,automotive,29840.98,INR,2026-03-05,completed,C1065,card,Mumbai
TXN100220,QuickMart,retail,30744.33,INR,2026-04-02,failed,C1053,card,Bengaluru
TXN100221,GroceryHub,grocery,3393.29,INR,2026-05-09,failed,C1064,UPI,Delhi
TXN100222,QuickMart,retail,31787.18,INR,2026-04-19,completed,C1095,UPI,Chennai
TXN100223,GroceryHub,grocery,,INR,2026-05-26,completed,C1013,netbanking,Mumbai
TXN100224,TravelEasy,travel,16933.98,INR,2026-05-24,completed,C1099,wallet,Delhi
TXN100225,CafeBlend,food,3164.4,EUR,2026-04-30,completed,C1037,card,Bengaluru
,QuickMart,retail,15786.64,INR,2026-04-11,failed,C1050,wallet,Chennai
TXN100227,TechZone,electronics,14312.68,XYZ,2026-03-09,completed,C1083,netbanking,Chennai
TXN100228,GroceryHub,grocery,21853.2,INR,2026-04-23,completed,C1056,wallet,Chennai
TXN100229,AutoFix,automotive,34606.5,INR,2026-04-19,completed,C1066,netbanking,Bengaluru
TXN100230,FuelPlus,fuel,-21536.05,USD,2026-03-26,failed,C1037,netbanking,Bengaluru
TXN100231,MediPharm,pharmacy,15331.73,INR,2026-05-19,completed,C1054,card,Delhi
TXN100232,QuickMart,retail,-36343.45,INR,2026-04-17,failed,C1055,netbanking,Bengaluru
TXN100233,PetCorner,pet,18171.92,INR,2026-05-28,completed,C1003,card,Hyderabad
TXN100234,AutoFix,automotive,1749.6,INR,2026-03-11,completed,C1099,netbanking,Chennai
TXN100235,ByteStore,tech,1628.94,INR,2026-03-22,completed,C1057,netbanking,Chennai
TXN100236,FuelPlus,fuel,28700.35,USD,2026-05-09,completed,C1050,netbanking,Chennai
TXN100237,FuelPlus,fuel,1305.41,XYZ,2026-03-26,pending,C1066,wallet,Hyderabad
TXN100238,MediPharm,pharmacy,35204.85,XYZ,2026-03-30,failed,C1036,wallet,Mumbai
TXN100239,FuelPlus,fuel,22607.61,USD,2026-04-28,completed,C1087,netbanking,Chennai
TXN100240,TravelEasy,travel,27113.15,INR,2026-04-10,completed,C1020,card,Chennai
TXN100241,FuelPlus,fuel,49256.78,USD,2026-03-20,completed,C1063,UPI,Chennai
TXN100242,GroceryHub,grocery,23375.62,INR,2026-05-12,completed,C1078,UPI,Bengaluru
TXN100243,AutoFix,automotive,26289.53,INR,2026-04-24,completed,C1073,UPI,Mumbai
TXN100244,FuelPlus,fuel,22504.23,USD,2026-05-29,failed,C1044,card,Hyderabad
TXN100245,CafeBlend,food,38391.4,EUR,2026-03-19,pending,C1064,UPI,Bengaluru
TXN100246,MediPharm,pharmacy,8241.21,INR,2026-04-13,completed,C1028,netbanking,Hyderabad
TXN100247,FuelPlus,fuel,12537.76,USD,2026-05-23,failed,C1035,card,Chennai
TXN100248,FuelPlus,fuel,25133.63,USD,2026-03-24,failed,C1074,card,Mumbai
TXN100249,ByteStore,tech,16887.6,INR,2026-05-14,completed,C1003,UPI,Bengaluru
TXN100250,ByteStore,tech,13240.15,INR,2026-03-29,completed,C1073,wallet,Hyderabad
TXN100251,AutoFix,automotive,44450.95,INR,2026-05-11,completed,C1082,netbanking,Delhi
TXN100252,PetCorner,pet,14878.72,INR,2026-03-12,completed,C1007,card,Delhi
TXN100253,AutoFix,automotive,10209.11,INR,2026-05-19,completed,C1040,netbanking,Chennai
TXN100254,CafeBlend,food,38035.64,EUR,2026-05-07,failed,C1013,netbanking,Mumbai
TXN100255,MediPharm,pharmacy,22485.3,INR,2026-03-21,completed,C1006,netbanking,Delhi
TXN100256,PetCorner,pet,12421.03,INR,2026-03-23,completed,C1041,netbanking,Mumbai
TXN100257,AutoFix,automotive,49798.51,INR,99-99-9999,pending,C1039,wallet,Bengaluru
TXN100258,PetCorner,pet,,INR,2026-04-02,completed,C1074,netbanking,Bengaluru
,AutoFix,automotive,29879.96,INR,2026-05-25,completed,C1060,netbanking,Hyderabad
TXN100260,FuelPlus,fuel,,USD,2026-04-05,completed,C1046,wallet,Chennai
TXN100261,QuickMart,retail,28518.38,INR,2026-03-27,completed,C1070,netbanking,Bengaluru
TXN100262,AutoFix,automotive,38222.56,INR,2026-04-07,completed,C1079,UPI,Mumbai
TXN100263,PetCorner,pet,18666.18,INR,2026-04-15,failed,C1046,card,Mumbai
TXN100264,PetCorner,pet,25008.89,INR,2026-03-08,completed,C1017,netbanking,Delhi
TXN100265,CafeBlend,food,30316.96,EUR,2026-05-07,completed,C1041,netbanking,Mumbai
TXN100266,ByteStore,tech,36968.57,INR,2026-04-10,failed,C1043,wallet,Hyderabad
TXN100267,QuickMart,retail,18424.21,INR,2026-05-28,completed,C1053,netbanking,Bengaluru
TXN100268,MediPharm,pharmacy,48353.86,INR,2026-05-16,failed,C1029,UPI,Hyderabad
,TravelEasy,travel,31454.97,INR,2026-05-21,completed,C1048,card,Mumbai
TXN100270,FuelPlus,fuel,9547.31,USD,2026-04-28,completed,C1053,card,Delhi
TXN100271,PetCorner,pet,25095.96,INR,2026-05-20,pending,C1094,UPI,Mumbai
TXN100272,TravelEasy,travel,16259.23,INR,2026-05-26,pending,C1067,wallet,Chennai
TXN100273,AutoFix,automotive,45607.09,INR,2026-04-15,failed,C1045,netbanking,Hyderabad
TXN100274,TechZone,electronics,13957.53,INR,2026-04-10,completed,C1038,netbanking,Mumbai
TXN100275,AutoFix,automotive,15858.87,XYZ,2026-04-16,failed,C1092,netbanking,Chennai
TXN100276,TravelEasy,travel,,INR,2026-04-22,completed,C1044,card,Chennai
TXN100277,FuelPlus,fuel,17324.71,USD,2026-04-28,completed,C1032,wallet,Mumbai
TXN100278,TravelEasy,travel,13563.92,INR,2026-05-13,completed,C1034,card,Bengaluru
TXN100279,ByteStore,tech,,INR,2026-03-09,completed,C1067,card,Mumbai
TXN100280,PetCorner,pet,16521.38,INR,2026-05-02,completed,C1087,card,Bengaluru
TXN100281,CafeBlend,food,20351.3,EUR,2026-05-02,pending,C1083,card,Chennai
TXN100282,QuickMart,retail,45397.77,INR,2026-03-14,completed,C1073,card,Hyderabad
TXN100283,QuickMart,retail,45662.35,INR,2026-03-25,pending,C1022,UPI,Delhi
TXN100284,CafeBlend,food,46831.07,EUR,2026-04-09,completed,C1001,netbanking,Hyderabad
TXN100285,GroceryHub,grocery,14235.24,INR,2026-05-24,failed,C1067,wallet,Mumbai
TXN100286,AutoFix,automotive,13649.13,INR,2026-03-17,completed,C1020,wallet,Chennai
TXN100287,QuickMart,retail,36833.53,INR,2026-04-09,failed,C1086,card,Mumbai
TXN100288,PetCorner,pet,41351.22,INR,2026-05-07,completed,C1011,wallet,Bengaluru
TXN100289,CafeBlend,food,23877.93,EUR,2026-04-03,completed,C1033,wallet,Mumbai
TXN100290,MediPharm,pharmacy,47702.2,INR,2026-04-10,failed,C1092,UPI,Chennai
TXN100291,TechZone,electronics,3115.6,INR,2026-03-18,pending,C1039,card,Delhi
TXN100292,MediPharm,pharmacy,34517.62,INR,2026-05-23,completed,C1047,card,Mumbai
TXN100293,AutoFix,automotive,7667.75,INR,2026-05-19,completed,C1053,wallet,Hyderabad
TXN100294,TechZone,electronics,38095.36,INR,2026-05-29,completed,C1076,UPI,Hyderabad
TXN100295,GroceryHub,grocery,3914.36,INR,2026-05-14,completed,C1007,card,Hyderabad
TXN100296,CafeBlend,food,16412.6,EUR,2026-05-08,pending,C1014,card,Hyderabad
TXN100297,TravelEasy,travel,22279.68,INR,2026-03-10,pending,C1016,wallet,Delhi
TXN100298,TravelEasy,travel,23124.29,INR,2026-04-11,completed,C1002,wallet,Chennai
TXN100299,TechZone,electronics,28919.78,INR,2026-03-08,pending,C1044,UPI,Hyderabad
TXN100300,FuelPlus,fuel,49307.0,USD,2026-05-02,completed,C1036,wallet,Mumbai
TXN100301,PetCorner,pet,18729.3,INR,2026-04-20,pending,C1048,wallet,Bengaluru
TXN100302,TravelEasy,travel,6658.16,XYZ,2026-04-16,completed,C1022,wallet,Hyderabad
TXN100303,TechZone,electronics,41742.73,INR,2026-03-05,completed,C1059,wallet,Hyderabad
,TechZone,electronics,12383.13,INR,2026-04-16,completed,C1035,card,Bengaluru
TXN100305,PetCorner,pet,30750.01,INR,2026-03-05,completed,C1026,UPI,Bengaluru
TXN100306,AutoFix,automotive,29893.27,INR,2026-06-01,completed,C1006,card,Bengaluru
TXN100307,TechZone,electronics,26992.59,INR,2026-03-10,completed,C1064,netbanking,Mumbai
TXN100308,ByteStore,tech,15952.0,INR,2026-05-18,completed,C1086,netbanking,Mumbai
TXN100309,CafeBlend,food,,EUR,2026-05-08,completed,C1052,netbanking,Chennai
TXN100310,ByteStore,tech,43986.9,INR,2026-03-25,completed,C1086,wallet,Hyderabad
TXN100311,GroceryHub,grocery,47079.9,INR,2026-05-27,pending,C1067,netbanking,Delhi
TXN100312,MediPharm,pharmacy,18829.24,INR,2026-05-10,pending,C1030,card,Chennai
TXN100313,CafeBlend,food,40290.75,EUR,2026-03-10,failed,C1052,wallet,Hyderabad
TXN100314,PetCorner,pet,12150.5,INR,2026-03-29,completed,C1082,UPI,Delhi
TXN100315,FuelPlus,fuel,26786.42,USD,2026-03-27,completed,C1034,wallet,Hyderabad
TXN100316,FuelPlus,fuel,9416.28,USD,2026-05-17,completed,C1085,card,Delhi
TXN100317,GroceryHub,grocery,15166.37,INR,2026-03-04,completed,C1024,UPI,Delhi
TXN100318,ByteStore,tech,35191.39,INR,2026-04-22,completed,C1070,netbanking,Chennai
TXN100319,TravelEasy,travel,32439.58,INR,99-99-9999,completed,C1046,wallet,Delhi
TXN100320,AutoFix,automotive,,INR,2026-04-12,completed,C1047,netbanking,Delhi
TXN100321,TechZone,electronics,37065.21,INR,2026-03-05,completed,C1070,wallet,Chennai
TXN100322,GroceryHub,grocery,11508.63,INR,2026-05-14,completed,C1031,wallet,Hyderabad
TXN100323,GroceryHub,grocery,12873.76,INR,2026-05-04,completed,C1082,wallet,Delhi
,GroceryHub,grocery,8471.59,INR,2026-05-11,pending,C1023,UPI,Hyderabad
TXN100325,FuelPlus,fuel,9999999,USD,2026-05-27,completed,C1097,UPI,Delhi
TXN100326,TechZone,electronics,,INR,2026-03-22,completed,C1027,wallet,Chennai
TXN100327,ByteStore,tech,45638.45,INR,2026-05-26,pending,C1002,UPI,Hyderabad
TXN100328,QuickMart,retail,846.14,INR,2026-04-07,failed,C1036,UPI,Hyderabad
TXN100329,PetCorner,pet,40310.32,INR,2026-03-25,completed,C1012,card,Mumbai
TXN100330,TravelEasy,travel,12628.39,INR,2026-04-17,completed,C1050,UPI,Chennai
TXN100331,AutoFix,automotive,28254.46,INR,99-99-9999,completed,C1038,UPI,Bengaluru
TXN100332,PetCorner,pet,-18864.71,INR,2026-05-02,completed,C1081,UPI,Mumbai
TXN100333,PetCorner,pet,32248.91,INR,2026-04-14,failed,C1012,UPI,Mumbai
TXN100334,ByteStore,tech,23780.26,INR,2026-03-08,completed,C1087,netbanking,Hyderabad
TXN100335,QuickMart,retail,8975.93,INR,2026-04-12,completed,C1026,card,Delhi
TXN100336,MediPharm,pharmacy,8130.89,INR,2026-04-02,failed,C1049,netbanking,Delhi
TXN100337,CafeBlend,food,39527.0,EUR,99-99-9999,completed,C1010,netbanking,Bengaluru
,TechZone,electronics,41935.35,INR,2026-04-15,failed,C1098,wallet,Chennai
TXN100339,MediPharm,pharmacy,39179.57,INR,2026-04-29,pending,C1029,netbanking,Hyderabad
TXN100340,PetCorner,pet,9295.03,INR,2026-05-16,completed,C1048,UPI,Hyderabad
TXN100341,TechZone,electronics,35658.3,INR,2026-03-13,completed,C1019,wallet,Mumbai
TXN100342,GroceryHub,grocery,18041.4,INR,2026-03-14,completed,C1039,wallet,Chennai
,FuelPlus,fuel,6634.03,USD,2026-03-26,pending,C1057,wallet,Bengaluru
TXN100344,GroceryHub,grocery,27715.45,INR,2026-05-18,failed,C1041,wallet,Bengaluru
TXN100345,PetCorner,pet,38960.66,INR,2026-05-13,completed,C1073,card,Delhi
TXN100346,MediPharm,pharmacy,15063.55,INR,2026-05-05,completed,C1008,card,Delhi
TXN100347,MediPharm,pharmacy,24216.72,INR,2026-03-12,completed,C1032,card,Delhi
TXN100348,TechZone,electronics,22898.5,INR,2026-03-20,completed,C1000,wallet,Chennai
TXN100349,PetCorner,pet,9999999,INR,2026-04-14,pending,C1042,wallet,Hyderabad
TXN100350,GroceryHub,grocery,30164.53,INR,2026-05-30,completed,C1061,netbanking,Mumbai
TXN100351,GroceryHub,grocery,14579.49,INR,2026-05-30,completed,C1062,card,Chennai
,PetCorner,pet,18257.13,INR,2026-05-14,completed,C1075,card,Hyderabad
TXN100353,AutoFix,automotive,47149.32,INR,2026-03-29,pending,C1037,UPI,Delhi
TXN100354,CafeBlend,food,31670.47,EUR,2026-04-02,completed,C1084,card,Delhi
TXN100355,FuelPlus,fuel,22458.85,USD,2026-05-18,pending,C1074,wallet,Hyderabad
TXN100356,PetCorner,pet,27186.82,INR,2026-04-18,completed,C1068,UPI,Bengaluru
TXN100357,GroceryHub,grocery,8325.26,INR,2026-05-20,completed,C1072,wallet,Chennai
TXN100358,PetCorner,pet,5306.17,INR,2026-03-15,completed,C1028,card,Delhi
TXN100359,AutoFix,automotive,38619.39,INR,2026-05-17,completed,C1064,card,Chennai
TXN100360,AutoFix,automotive,5236.42,INR,2026-04-25,completed,C1014,card,Chennai
TXN100361,AutoFix,automotive,39215.66,INR,2026-05-08,pending,C1044,wallet,Bengaluru
TXN100362,AutoFix,automotive,15952.28,INR,2026-04-10,completed,C1090,UPI,Bengaluru
TXN100363,FuelPlus,fuel,33860.2,USD,2026-03-24,completed,C1031,card,Hyderabad
TXN100364,TravelEasy,travel,21324.21,INR,2026-05-01,completed,C1051,card,Mumbai
,PetCorner,pet,19785.16,INR,2026-05-20,completed,C1057,wallet,Delhi
TXN100366,TechZone,electronics,10297.17,INR,2026-06-01,completed,C1008,UPI,Hyderabad
TXN100367,GroceryHub,grocery,9861.74,INR,2026-03-17,completed,C1085,wallet,Hyderabad
TXN100368,GroceryHub,grocery,29852.57,INR,2026-05-20,pending,C1075,UPI,Chennai
TXN100369,AutoFix,automotive,30871.96,INR,2026-05-28,completed,C1038,UPI,Mumbai
TXN100370,TechZone,electronics,15275.95,INR,2026-03-26,completed,C1088,card,Hyderabad
TXN100371,ByteStore,tech,6901.99,INR,2026-04-21,pending,C1023,wallet,Hyderabad
TXN100372,CafeBlend,food,27750.08,EUR,2026-05-04,completed,C1017,card,Chennai
TXN100373,ByteStore,tech,2690.03,INR,2026-04-17,completed,C1062,card,Mumbai
TXN100374,TravelEasy,travel,25276.85,INR,2026-05-05,pending,C1087,wallet,Delhi
,AutoFix,automotive,24440.09,INR,2026-03-13,failed,C1003,card,Chennai
TXN100376,TechZone,electronics,26885.05,INR,2026-03-24,completed,C1058,wallet,Hyderabad
TXN100377,ByteStore,tech,5719.19,INR,2026-05-11,completed,C1046,UPI,Delhi
TXN100378,PetCorner,pet,5129.8,INR,2026-05-25,completed,C1031,netbanking,Bengaluru
TXN100379,GroceryHub,grocery,43111.36,INR,2026-03-14,pending,C1015,card,Mumbai
TXN100380,ByteStore,tech,34459.79,INR,2026-06-01,failed,C1080,wallet,Mumbai
TXN100381,TechZone,electronics,40678.36,INR,2026-03-10,failed,C1044,netbanking,Hyderabad
TXN100382,GroceryHub,grocery,48950.22,INR,2026-04-09,completed,C1073,netbanking,Hyderabad
TXN100383,FuelPlus,fuel,6788.09,USD,2026-04-24,completed,C1035,card,Mumbai
TXN100384,GroceryHub,grocery,41425.81,INR,2026-05-28,pending,C1062,card,Hyderabad
TXN100385,PetCorner,pet,18764.86,INR,2026-03-12,completed,C1098,UPI,Delhi
,MediPharm,pharmacy,34738.23,INR,2026-04-19,pending,C1062,netbanking,Hyderabad
TXN100387,FuelPlus,fuel,36549.29,USD,2026-04-30,completed,C1085,netbanking,Bengaluru
TXN100388,PetCorner,pet,10899.32,INR,2026-04-26,completed,C1027,wallet,Chennai
TXN100389,MediPharm,pharmacy,16894.38,INR,2026-05-15,completed,C1072,wallet,Chennai
TXN100390,QuickMart,retail,2306.69,INR,2026-05-22,completed,C1058,UPI,Bengaluru
TXN100391,CafeBlend,food,22069.88,EUR,2026-03-03,pending,C1025,card,Chennai
TXN100392,MediPharm,pharmacy,,INR,2026-04-18,completed,C1010,netbanking,Mumbai
,MediPharm,pharmacy,36302.16,INR,2026-04-01,pending,C1083,UPI,Bengaluru
,AutoFix,automotive,3906.16,INR,2026-05-17,completed,C1066,wallet,Bengaluru
TXN100395,GroceryHub,grocery,40857.28,INR,2026-04-26,completed,C1016,wallet,Bengaluru
TXN100396,FuelPlus,fuel,9999999,USD,2026-03-16,completed,C1040,netbanking,Chennai
TXN100397,CafeBlend,food,32082.39,EUR,2026-05-28,completed,C1008,UPI,Hyderabad
TXN100398,AutoFix,automotive,17565.87,INR,2026-03-30,completed,C1095,card,Delhi
TXN100399,AutoFix,automotive,42999.53,INR,2026-03-14,completed,C1017,UPI,Hyderabad
TXN100400,GroceryHub,grocery,48162.8,INR,2026-04-12,completed,C1017,card,Chennai
TXN100401,TechZone,electronics,27674.3,INR,2026-05-18,completed,C1077,netbanking,Bengaluru
TXN100402,MediPharm,pharmacy,10280.23,INR,2026-05-19,failed,C1024,wallet,Chennai
TXN100403,TechZone,electronics,24749.44,INR,2026-03-17,completed,C1063,UPI,Hyderabad
TXN100404,QuickMart,retail,49344.26,INR,2026-04-12,completed,C1049,wallet,Chennai
TXN100405,CafeBlend,food,38138.67,EUR,2026-03-12,completed,C1075,UPI,Bengaluru
TXN100406,QuickMart,retail,46129.74,INR,2026-04-22,failed,C1036,wallet,Delhi
TXN100407,FuelPlus,fuel,32030.46,USD,2026-05-10,failed,C1019,netbanking,Bengaluru
TXN100408,TravelEasy,travel,46047.03,INR,2026-03-22,failed,C1041,wallet,Hyderabad
TXN100409,FuelPlus,fuel,-15515.37,USD,2026-04-27,completed,C1030,UPI,Mumbai
TXN100410,PetCorner,pet,5808.17,XYZ,2026-05-20,failed,C1007,netbanking,Mumbai
TXN100411,CafeBlend,food,35077.97,EUR,2026-03-23,pending,C1044,netbanking,Mumbai
TXN100412,MediPharm,pharmacy,36649.46,INR,2026-03-18,completed,C1003,netbanking,Delhi
TXN100413,FuelPlus,fuel,13154.85,USD,2026-05-15,completed,C1009,wallet,Delhi
TXN100414,QuickMart,retail,24985.5,INR,2026-05-14,completed,C1047,card,Chennai
TXN100415,ByteStore,tech,33709.28,INR,2026-03-17,completed,C1094,UPI,Bengaluru
TXN100416,QuickMart,retail,12235.13,INR,2026-05-02,completed,C1049,card,Mumbai
TXN100417,QuickMart,retail,27647.71,INR,2026-05-25,pending,C1028,netbanking,Mumbai
TXN100418,GroceryHub,grocery,13570.19,INR,2026-03-12,failed,C1047,UPI,Hyderabad
TXN100419,QuickMart,retail,8975.42,INR,2026-05-08,completed,C1051,UPI,Delhi
TXN100420,MediPharm,pharmacy,16371.77,INR,2026-05-12,pending,C1001,netbanking,Mumbai
TXN100421,MediPharm,pharmacy,36981.4,INR,2026-04-03,pending,C1047,wallet,Mumbai
TXN100422,TravelEasy,travel,38026.51,INR,2026-04-03,completed,C1000,wallet,Bengaluru
TXN100423,GroceryHub,grocery,31800.73,INR,2026-05-30,completed,C1042,UPI,Delhi
TXN100424,MediPharm,pharmacy,5206.41,INR,2026-05-09,completed,C1053,wallet,Bengaluru
TXN100425,CafeBlend,food,35585.51,EUR,2026-03-14,completed,C1029,wallet,Chennai
TXN100426,FuelPlus,fuel,29042.72,USD,2026-05-06,completed,C1081,wallet,Bengaluru
TXN100427,QuickMart,retail,21754.79,INR,2026-03-19,completed,C1037,netbanking,Chennai
TXN100428,PetCorner,pet,-35039.27,INR,2026-04-13,completed,C1057,netbanking,Mumbai
TXN100429,TechZone,electronics,6814.23,INR,2026-05-16,completed,C1019,UPI,Mumbai
TXN100430,GroceryHub,grocery,20331.56,INR,2026-05-10,completed,C1098,card,Delhi
TXN100431,MediPharm,pharmacy,,INR,2026-03-14,completed,C1087,netbanking,Hyderabad
TXN100432,GroceryHub,grocery,7424.71,INR,2026-04-03,completed,C1050,UPI,Chennai
TXN100433,CafeBlend,food,1563.79,EUR,2026-04-23,completed,C1057,card,Bengaluru
TXN100434,CafeBlend,food,6081.45,EUR,2026-03-10,completed,C1099,card,Mumbai
,PetCorner,pet,18618.26,INR,2026-05-22,completed,C1010,netbanking,Bengaluru
TXN100436,FuelPlus,fuel,9895.54,XYZ,2026-05-24,pending,C1016,UPI,Chennai
,AutoFix,automotive,2541.38,INR,2026-05-15,pending,C1092,wallet,Delhi
TXN100438,PetCorner,pet,8648.63,INR,2026-03-30,completed,C1035,netbanking,Delhi
TXN100439,QuickMart,retail,30709.19,INR,2026-05-20,completed,C1082,netbanking,Delhi
TXN100440,TravelEasy,travel,23956.76,INR,2026-03-14,completed,C1049,card,Delhi
TXN100441,TravelEasy,travel,12464.9,INR,2026-05-11,completed,C1002,wallet,Chennai
TXN100442,AutoFix,automotive,17208.27,INR,2026-05-14,failed,C1041,wallet,Chennai
TXN100443,GroceryHub,grocery,29859.85,INR,2026-03-06,completed,C1099,netbanking,Bengaluru
TXN100444,AutoFix,automotive,26476.32,INR,2026-05-16,completed,C1020,UPI,Mumbai
TXN100445,MediPharm,pharmacy,26689.14,INR,2026-03-10,completed,C1028,wallet,Chennai
,CafeBlend,food,8813.26,EUR,2026-05-17,completed,C1094,netbanking,Hyderabad
TXN100447,GroceryHub,grocery,47378.46,INR,2026-05-14,completed,C1072,card,Delhi
TXN100448,CafeBlend,food,24526.92,EUR,2026-03-14,completed,C1029,card,Bengaluru
TXN100449,QuickMart,retail,16593.38,INR,2026-05-20,completed,C1016,netbanking,Mumbai
TXN100450,GroceryHub,grocery,2987.2,INR,2026-03-21,failed,C1090,card,Bengaluru
TXN100451,GroceryHub,grocery,48028.33,INR,99-99-9999,completed,C1084,wallet,Hyderabad
TXN100452,MediPharm,pharmacy,16136.93,INR,2026-03-23,completed,C1055,wallet,Chennai
TXN100453,TravelEasy,travel,34681.08,INR,2026-05-20,completed,C1045,card,Hyderabad
TXN100454,PetCorner,pet,15348.09,INR,2026-05-30,completed,C1016,card,Bengaluru
TXN100455,ByteStore,tech,19586.16,INR,2026-05-14,completed,C1023,netbanking,Hyderabad
TXN100456,ByteStore,tech,5214.47,INR,2026-05-05,completed,C1042,UPI,Mumbai
,GroceryHub,grocery,8402.69,INR,2026-03-14,completed,C1090,netbanking,Delhi
TXN100458,TechZone,electronics,,INR,2026-03-11,completed,C1032,UPI,Bengaluru
TXN100459,AutoFix,automotive,36631.9,INR,2026-03-24,pending,C1063,wallet,Chennai
TXN100460,FuelPlus,fuel,41442.06,USD,2026-05-15,completed,C1097,card,Mumbai
TXN100461,QuickMart,retail,14752.48,INR,2026-04-12,completed,C1013,UPI,Chennai
TXN100462,PetCorner,pet,8053.62,INR,2026-03-12,failed,C1011,netbanking,Hyderabad
TXN100463,AutoFix,automotive,,INR,2026-04-27,completed,C1021,wallet,Mumbai
TXN100464,GroceryHub,grocery,10285.47,INR,2026-03-27,pending,C1089,netbanking,Chennai
TXN100465,FuelPlus,fuel,2491.28,USD,2026-05-15,failed,C1062,card,Bengaluru
TXN100466,PetCorner,pet,4390.54,INR,99-99-9999,completed,C1076,wallet,Mumbai
TXN100467,TechZone,electronics,8549.9,INR,2026-04-09,completed,C1060,UPI,Chennai
TXN100468,AutoFix,automotive,24459.95,INR,2026-05-26,completed,C1011,wallet,Mumbai
TXN100469,PetCorner,pet,18476.39,INR,2026-04-29,completed,C1033,wallet,Delhi
TXN100470,MediPharm,pharmacy,28216.69,INR,2026-03-22,completed,C1089,UPI,Bengaluru
TXN100471,TravelEasy,travel,20705.19,INR,2026-05-17,completed,C1070,UPI,Delhi
TXN100472,PetCorner,pet,48281.73,INR,2026-05-29,completed,C1060,card,Delhi
TXN100473,PetCorner,pet,45139.83,INR,2026-03-07,failed,C1073,card,Bengaluru
TXN100474,AutoFix,automotive,8652.22,INR,2026-03-24,completed,C1024,card,Bengaluru
TXN100475,PetCorner,pet,10103.94,INR,2026-05-22,completed,C1076,netbanking,Chennai
TXN100476,FuelPlus,fuel,4360.5,USD,2026-05-13,pending,C1070,netbanking,Chennai
TXN100477,QuickMart,retail,39329.67,INR,2026-05-21,failed,C1066,wallet,Bengaluru
TXN100478,CafeBlend,food,28334.03,EUR,2026-05-16,completed,C1012,UPI,Hyderabad
TXN100479,MediPharm,pharmacy,43375.09,INR,2026-04-16,pending,C1033,wallet,Delhi
TXN100480,AutoFix,automotive,1882.91,INR,2026-04-07,pending,C1018,wallet,Bengaluru
,GroceryHub,grocery,34528.78,INR,2026-03-09,completed,C1060,netbanking,Chennai
TXN100482,MediPharm,pharmacy,9999999,INR,2026-05-04,completed,C1089,UPI,Mumbai
TXN100483,AutoFix,automotive,38703.8,INR,2026-04-13,completed,C1093,wallet,Hyderabad
TXN100484,TechZone,electronics,22091.41,INR,2026-04-24,completed,C1062,netbanking,Bengaluru
TXN100485,CafeBlend,food,3290.19,EUR,2026-06-01,failed,C1051,card,Hyderabad
TXN100486,QuickMart,retail,8695.13,INR,2026-03-28,completed,C1007,card,Bengaluru
TXN100487,GroceryHub,grocery,35234.65,INR,2026-04-07,completed,C1059,wallet,Bengaluru
TXN100488,TechZone,electronics,18629.61,INR,2026-05-18,pending,C1022,wallet,Hyderabad
,GroceryHub,grocery,8184.05,INR,2026-04-05,completed,C1088,UPI,Chennai
TXN100490,QuickMart,retail,8153.74,INR,2026-05-15,completed,C1027,card,Mumbai
TXN100491,MediPharm,pharmacy,32582.85,INR,2026-05-07,completed,C1099,UPI,Delhi
TXN100492,CafeBlend,food,30061.09,EUR,2026-03-04,completed,C1032,netbanking,Chennai
TXN100493,PetCorner,pet,42580.79,INR,2026-04-30,completed,C1027,wallet,Chennai
TXN100494,ByteStore,tech,19863.66,INR,2026-03-16,completed,C1065,netbanking,Hyderabad
TXN100495,ByteStore,tech,14141.02,INR,2026-05-29,completed,C1061,UPI,Chennai
TXN100496,,grocery,43075.97,INR,2026-04-05,completed,C1091,netbanking,Mumbai
TXN100497,TechZone,electronics,44985.36,INR,2026-05-18,pending,C1084,netbanking,Mumbai
TXN100498,AutoFix,automotive,49873.48,INR,2026-04-05,pending,C1051,wallet,Bengaluru
TXN100499,ByteStore,tech,40802.57,INR,2026-04-15,completed,C1091,card,Hyderabad
TXN100500,AutoFix,automotive,45327.26,INR,2026-05-27,completed,C1064,netbanking,Mumbai
